<h:html xmlns:h="http://www.w3.org/1999/xhtml" xmlns:orx="http://openrosa.org/jr/xforms" xmlns="http://www.w3.org/2002/xforms" xmlns:xsd="http://www.w3.org/2001/XMLSchema" xmlns:jr="http://openrosa.org/javarosa" xmlns:vellum="http://commcarehq.org/xforms/vellum">
	<h:head>
		<h:title>Close A Warehouse</h:title>
		<model>
			<instance>
				<data xmlns:jrm="http://dev.commcarehq.org/jr/xforms" xmlns="http://openrosa.org/formdesigner/F00D35AA-2A18-46ED-AF38-59A5137627B6" uiVersion="1" version="50" name="Close A Warehouse">
					<reason/>
				<case xmlns="http://commcarehq.org/case/transaction/v2" case_id="" date_modified="" user_id=""><close/></case><orx:meta xmlns:cc="http://commcarehq.org/xforms"><orx:deviceID/><orx:timeStart/><orx:timeEnd/><orx:username/><orx:userID/><orx:instanceID/><cc:appVersion/></orx:meta></data>
			</instance><instance id="commcaresession" src="jr://instance/session"/>
			<bind nodeset="/data/reason" type="xsd:string"/>
			<itext>
				<translation lang="en" default="">
					<text id="reason-label">
						<value>Reason for Closing</value>
					</text>
				</translation>
				<translation lang="es">
					<text id="reason-label">
						<value>Reason for Closing</value>
					</text>
				</translation>
			</itext>
		<bind calculate="/data/meta/timeEnd" nodeset="/data/case/@date_modified" type="xsd:dateTime"/><bind calculate="/data/meta/userID" nodeset="/data/case/@user_id"/><bind calculate="instance('commcaresession')/session/data/case_id" nodeset="/data/case/@case_id"/><setvalue event="xforms-ready" ref="/data/meta/deviceID" value="instance('commcaresession')/session/context/deviceid"/><setvalue event="xforms-ready" ref="/data/meta/timeStart" value="now()"/><bind nodeset="/data/meta/timeStart" type="xsd:dateTime"/><setvalue event="xforms-revalidate" ref="/data/meta/timeEnd" value="now()"/><bind nodeset="/data/meta/timeEnd" type="xsd:dateTime"/><setvalue event="xforms-ready" ref="/data/meta/username" value="instance('commcaresession')/session/context/username"/><setvalue event="xforms-ready" ref="/data/meta/userID" value="instance('commcaresession')/session/context/userid"/><setvalue event="xforms-ready" ref="/data/meta/instanceID" value="uuid()"/><setvalue event="xforms-ready" ref="/data/meta/appVersion" value="instance('commcaresession')/session/context/appversion"/></model>
	</h:head>
	<h:body>
		<input ref="/data/reason">
			<label ref="jr:itext('reason-label')"/>
		</input>
	</h:body>
</h:html>