<?xml version='1.0' encoding='UTF-8'?>
<suite version="53" descriptor="Suite File">
  <xform>
    <resource id="acfc5f935f497368e9b407d3c847af681e4be02f" version="53" descriptor="Form: (Module Warehouses) - Register A Warehouse">
      <location authority="local">./modules-0/forms-0.xml</location>
      <location authority="remote">./modules-0/forms-0.xml</location>
    </resource>
  </xform>
  <xform>
    <resource id="fcee9e7721ca8c15e2170479a6b7d3e1497a650e" version="23" descriptor="Form: (Module Warehouses) - Supply Delivery">
      <location authority="local">./modules-0/forms-1.xml</location>
      <location authority="remote">./modules-0/forms-1.xml</location>
    </resource>
  </xform>
  <xform>
    <resource id="e01e0f0da10ccb6a684e3510b255f345ad9c47f3" version="50" descriptor="Form: (Module Warehouses) - Close A Warehouse">
      <location authority="local">./modules-0/forms-2.xml</location>
      <location authority="remote">./modules-0/forms-2.xml</location>
    </resource>
  </xform>
  <locale language="default">
    <resource id="app_default_strings" version="53" descriptor="Translations: Default Language">
      <location authority="local">./default/app_strings.txt</location>
      <location authority="remote">./default/app_strings.txt</location>
    </resource>
  </locale>
  <locale language="en">
    <resource id="app_en_strings" version="53" descriptor="Translations: English">
      <location authority="local">./en/app_strings.txt</location>
      <location authority="remote">./en/app_strings.txt</location>
    </resource>
  </locale>
  <locale language="es">
    <resource id="app_es_strings" version="53" descriptor="Translations: Spanish">
      <location authority="local">./es/app_strings.txt</location>
      <location authority="remote">./es/app_strings.txt</location>
    </resource>
  </locale>
  <detail id="m0_case_short">
    <title>
      <text>
        <locale id="m0.case_short.title"/>
      </text>
    </title>
    <action>
    	<display>
	      <text>
	        <locale id="forms.m0f0"/>
	      </text>
	      <media image="jr://media/plus.png"/>
      </display>
      <stack>
      	<push>
      		<command value="'m0-f0'"/>
      	    <datum id="case_id_new_rec_child_0" value="uuid()"/>
      	</push>
      </stack>
    </action>
    <field>
      <style horz-align="center" vert-align="center" font-size="medium">
      	<grid grid-height="3" grid-width="2" grid-x="0" grid-y="0"/>
       </style>
      <header>
        <text/>
      </header>
      <template form="image">
        <text>
          <xpath function="'jr://media/child_profile.png'"/>
        </text>
      </template>
    </field>


    <field>
      <style horz-align="left" vert-align="center" font-size="medium">
      	<grid grid-height="1" grid-width="10" grid-x="2" grid-y="0"/>
       </style>
      <header>
        <text>
          <locale id="m0.case_short.case_name_1.header"/>
        </text>
      </header>
      <template>
        <text>
          &lt;b&gt;Name &lt;/b&gt; <xpath function="case_name"/>
        </text>
      </template>
      <sort type="string" order="-2" direction="ascending">
        <text>
          <xpath function="case_name"/>
        </text>
      </sort>
    </field>
    <field>
      <style horz-align="left" vert-align="center" font-size="small">
      	<grid grid-height="1" grid-width="5" grid-x="2" grid-y="1"/>
       </style>
      <header>
        <text>
          <locale id="m0.case_short.case_name_2.header"/>
        </text>
      </header>
      <template>
        <text>&lt;b&gt;Name &lt;/b&gt; <xpath function="case_name"/></text>
      </template>
      <sort type="string" order="-2" direction="ascending">
        <text>
          <xpath function="case_name"/>
        </text>
      </sort>
    </field>
    <field>
      <style horz-align="left" vert-align="center" font-size="small">
      	<grid grid-height="1" grid-width="5" grid-x="7" grid-y="1"/>
       </style>
      <header>
        <text>
          <locale id="m0.case_short.case_special_case_tile_prop_5.header"/>
        </text>
      </header>
      <template>
        <text>&lt;b&gt;Special Case Tile Prop &lt;/b&gt;<xpath function="if(special_case_tile_prop = 'male', $kmale, if(special_case_tile_prop = 'female', $kfemale, ''))">
            <variable name="kfemale">
              <locale id="m0.case_short.case_special_case_tile_prop_5.enum.kfemale"/>
            </variable>
            <variable name="kmale">
              <locale id="m0.case_short.case_special_case_tile_prop_5.enum.kmale"/>
            </variable>
          </xpath></text>
      </template>
    </field>
    <field>
      <style horz-align="left" vert-align="center" font-size="small">
      	<grid grid-height="1" grid-width="5" grid-x="2" grid-y="2"/>
       </style>
      <header>
        <text>
          <locale id="m0.case_short.case_name_1.header"/>
        </text>
      </header>
      <template>
        <text>&lt;b&gt;Location &lt;/b&gt; <xpath function="location"/></text>
      </template>
      <sort type="string" order="-2" direction="ascending">
        <text>
          <xpath function="location"/>
        </text>
      </sort>
    </field>
    <field>
      <style horz-align="left" vert-align="center" font-size="small">
      	<grid grid-height="1" grid-width="5" grid-x="7" grid-y="2"/>
       </style>
      <header>
        <text>
          <locale id="m0.case_short.case_name_1.header"/>
        </text>
      </header>
      <template>
        <text>&lt;b&gt;Date Opened &lt;/b&gt; <xpath function="date_opened"/></text>
      </template>
    </field>
  </detail>
  <detail id="m0_case_long">
    <title>
      <text>
        <locale id="m0.case_long.title"/>
      </text>
    </title>
    <field>
      <header>
        <text>
          <locale id="m0.case_long.case_name_1.header"/>
        </text>
      </header>
      <template>
        <text>
          <xpath function="case_name"/>
        </text>
      </template>
    </field>
  </detail>
  <entry>
    <form>http://openrosa.org/formdesigner/D6B5A26A-FADF-40BF-92A8-518EB2F814A2</form>
    <command id="m0-f0">
      <text>
        <locale id="forms.m0f0"/>
      </text>
    </command>
    <session>
      <datum id="case_id_new_warehouse_0" function="uuid()"/>
    </session>
  </entry>
  <entry>
    <form>http://openrosa.org/formdesigner/C268616F-9296-4224-A771-95372308B891</form>
    <command id="m0-f1">
      <text>
        <locale id="forms.m0f1"/>
      </text>
    </command>
    <instance id="casedb" src="jr://instance/casedb"/>
    <session>
      <datum id="case_id" nodeset="instance('casedb')/casedb/case[@case_type='warehouse'][@status='open']" value="./@case_id" detail-select="m0_case_short" detail-confirm="m0_case_long" detail-persistent="m0_case_short"/>
    </session>
  </entry>
  <entry>
    <form>http://openrosa.org/formdesigner/F00D35AA-2A18-46ED-AF38-59A5137627B6</form>
    <command id="m0-f2">
      <text>
        <locale id="forms.m0f2"/>
      </text>
    </command>
    <instance id="casedb" src="jr://instance/casedb"/>
    <session>
      <datum id="case_id" nodeset="instance('casedb')/casedb/case[@case_type='warehouse'][@status='open']" value="./@case_id" detail-select="m0_case_short" detail-confirm="m0_case_long" detail-persistent="m0_case_short"/>
    </session>
  </entry>
  <menu id="m0">
    <text>
      <locale id="modules.m0"/>
    </text>
    <command id="m0-f0"/>
    <command id="m0-f1"/>
    <command id="m0-f2"/>
  </menu>
</suite>
